participant_id,raven_score,answered_items,raven_performance
1,90,99,0.909091
2,90,99,0.909091
3,86,99,0.868687
4,89,100,0.890000
5,81,97,0.835052
6,77,96,0.802083
7,73,94,0.776596
8,63,101,0.623762
9,67,99,0.676768
10,42,98,0.428571
11,45,100,0.450000
12,22,97,0.226804
13,61,101,0.603960
14,49,100,0.490000
15,37,100,0.370000
